{
  "clean_distribution": {
    "mean": 0.38351403382748156,
    "std": 0.031024053472515266
  },
  "injected_distribution": {
    "mean": 0.32765609560548914,
    "std": 0.12729149907683207
  },
  "mann_whitney_p": 0.9913654037992528,
  "best_f1": {
    "threshold": 0.06004581754419749,
    "tpr": 1.0,
    "fpr": 1.0,
    "precision": 0.8333333333333334,
    "recall": 1.0,
    "f1": 0.9090909090909091,
    "tp": 540,
    "fp": 108,
    "fn": 0,
    "tn": 0
  },
  "auc": 0.42684327846364883
}